{
  "profiles": {
    "3_0": {
      "renewable_sum": 137.32826459867294,
      "low_carbon_sum": 164.52350385623612,
      "count": 243
    },
    "3_1": {
      "renewable_sum": 138.96057995012993,
      "low_carbon_sum": 166.9392810852411,
      "count": 242
    },
    "3_2": {
      "renewable_sum": 137.24441389928012,
      "low_carbon_sum": 165.47242671435103,
      "count": 242
    },
    "3_3": {
      "renewable_sum": 135.94592099718128,
      "low_carbon_sum": 164.17056593437854,
      "count": 242
    },
    "3_4": {
      "renewable_sum": 131.59434322283994,
      "low_carbon_sum": 160.0285720265921,
      "count": 242
    },
    "3_5": {
      "renewable_sum": 121.93264488744047,
      "low_carbon_sum": 149.38210265633535,
      "count": 242
    },
    "3_6": {
      "renewable_sum": 116.51105513692315,
      "low_carbon_sum": 142.58967470292387,
      "count": 242
    },
    "3_7": {
      "renewable_sum": 116.56414414767048,
      "low_carbon_sum": 142.10068884536912,
      "count": 242
    },
    "3_8": {
      "renewable_sum": 134.47572673422331,
      "low_carbon_sum": 159.3014394604729,
      "count": 242
    },
    "3_9": {
      "renewable_sum": 147.4962253993465,
      "low_carbon_sum": 170.265907312426,
      "count": 242
    },
    "3_10": {
      "renewable_sum": 148.6464403892926,
      "low_carbon_sum": 170.94530222654726,
      "count": 242
    },
    "3_11": {
      "renewable_sum": 148.37800296105186,
      "low_carbon_sum": 171.30271220465735,
      "count": 242
    },
    "3_12": {
      "renewable_sum": 145.72825821359174,
      "low_carbon_sum": 168.60765180376686,
      "count": 242
    },
    "3_13": {
      "renewable_sum": 141.6104223384987,
      "low_carbon_sum": 164.2834548758556,
      "count": 242
    },
    "3_14": {
      "renewable_sum": 136.534135059155,
      "low_carbon_sum": 158.92106335608915,
      "count": 242
    },
    "3_15": {
      "renewable_sum": 131.98347086306308,
      "low_carbon_sum": 153.98529204798638,
      "count": 242
    },
    "3_16": {
      "renewable_sum": 119.85553492687728,
      "low_carbon_sum": 141.56244180134942,
      "count": 242
    },
    "3_17": {
      "renewable_sum": 67.2419178660937,
      "low_carbon_sum": 89.5588050586416,
      "count": 242
    },
    "3_18": {
      "renewable_sum": 29.01910865265445,
      "low_carbon_sum": 51.79368573989713,
      "count": 242
    },
    "3_19": {
      "renewable_sum": 29.524055833420828,
      "low_carbon_sum": 52.51066316687187,
      "count": 242
    },
    "3_20": {
      "renewable_sum": 34.82920554879828,
      "low_carbon_sum": 58.50775334074216,
      "count": 242
    },
    "3_21": {
      "renewable_sum": 36.658658466831874,
      "low_carbon_sum": 60.98582233426413,
      "count": 242
    },
    "3_22": {
      "renewable_sum": 43.86939136609581,
      "low_carbon_sum": 69.12191333234351,
      "count": 242
    },
    "3_23": {
      "renewable_sum": 52.000176734523016,
      "low_carbon_sum": 78.39343294978171,
      "count": 242
    },
    "4_0": {
      "renewable_sum": 65.51767792146342,
      "low_carbon_sum": 95.26769277906803,
      "count": 266
    },
    "4_1": {
      "renewable_sum": 66.67191012816735,
      "low_carbon_sum": 96.8615907919002,
      "count": 266
    },
    "4_2": {
      "renewable_sum": 72.84961725663312,
      "low_carbon_sum": 103.16969198769027,
      "count": 266
    },
    "4_3": {
      "renewable_sum": 74.40929081342588,
      "low_carbon_sum": 104.72973842813352,
      "count": 266
    },
    "4_4": {
      "renewable_sum": 72.02458368792854,
      "low_carbon_sum": 102.16673848059202,
      "count": 266
    },
    "4_5": {
      "renewable_sum": 66.07942588079767,
      "low_carbon_sum": 95.85810403476334,
      "count": 266
    },
    "4_6": {
      "renewable_sum": 59.61268925256444,
      "low_carbon_sum": 87.66549079024242,
      "count": 266
    },
    "4_7": {
      "renewable_sum": 61.08989511072024,
      "low_carbon_sum": 88.26554335984287,
      "count": 266
    },
    "4_8": {
      "renewable_sum": 87.37143683600024,
      "low_carbon_sum": 113.60654514599828,
      "count": 266
    },
    "4_9": {
      "renewable_sum": 117.83963475641916,
      "low_carbon_sum": 143.19925674137087,
      "count": 266
    },
    "4_10": {
      "renewable_sum": 124.56579029264019,
      "low_carbon_sum": 149.7525548334314,
      "count": 266
    },
    "4_11": {
      "renewable_sum": 125.47938295837635,
      "low_carbon_sum": 150.56618201238282,
      "count": 266
    },
    "4_12": {
      "renewable_sum": 129.32698831801022,
      "low_carbon_sum": 154.46099683493938,
      "count": 266
    },
    "4_13": {
      "renewable_sum": 136.30781237517033,
      "low_carbon_sum": 160.99128677952714,
      "count": 266
    },
    "4_14": {
      "renewable_sum": 129.95472719029775,
      "low_carbon_sum": 154.46453697819345,
      "count": 266
    },
    "4_15": {
      "renewable_sum": 119.92097355557821,
      "low_carbon_sum": 144.5113867200445,
      "count": 266
    },
    "4_16": {
      "renewable_sum": 108.99752378860691,
      "low_carbon_sum": 134.04849580167988,
      "count": 266
    },
    "4_17": {
      "renewable_sum": 77.61952709863826,
      "low_carbon_sum": 103.11409540653993,
      "count": 266
    },
    "4_18": {
      "renewable_sum": 47.22964221855141,
      "low_carbon_sum": 72.79454757047873,
      "count": 266
    },
    "4_19": {
      "renewable_sum": 49.061808001101866,
      "low_carbon_sum": 74.88920233274253,
      "count": 266
    },
    "4_20": {
      "renewable_sum": 51.34369450649483,
      "low_carbon_sum": 77.74133628105659,
      "count": 266
    },
    "4_21": {
      "renewable_sum": 46.1415197609653,
      "low_carbon_sum": 68.97692030162109,
      "count": 223
    },
    "4_22": {
      "renewable_sum": 34.25111791687043,
      "low_carbon_sum": 50.0066879475688,
      "count": 151
    },
    "4_23": {
      "renewable_sum": 11.696836564667306,
      "low_carbon_sum": 16.9010404821269,
      "count": 48
    },
    "5_0": {
      "renewable_sum": 1.110301,
      "low_carbon_sum": 1.5109970000000001,
      "count": 4
    },
    "5_1": {
      "renewable_sum": 0.8587580000000001,
      "low_carbon_sum": 1.2573880000000002,
      "count": 4
    },
    "5_2": {
      "renewable_sum": 0.961256,
      "low_carbon_sum": 1.362991,
      "count": 4
    },
    "5_3": {
      "renewable_sum": 1.109452,
      "low_carbon_sum": 1.512806,
      "count": 4
    },
    "5_4": {
      "renewable_sum": 1.10963,
      "low_carbon_sum": 1.514745,
      "count": 4
    },
    "5_5": {
      "renewable_sum": 1.085124,
      "low_carbon_sum": 1.496445,
      "count": 4
    },
    "5_6": {
      "renewable_sum": 1.081204,
      "low_carbon_sum": 1.4987369999999998,
      "count": 4
    },
    "5_7": {
      "renewable_sum": 1.113882,
      "low_carbon_sum": 1.538406,
      "count": 4
    },
    "5_8": {
      "renewable_sum": 1.212198,
      "low_carbon_sum": 1.6405500000000002,
      "count": 4
    },
    "5_9": {
      "renewable_sum": 1.286187,
      "low_carbon_sum": 1.7186949999999999,
      "count": 4
    },
    "5_10": {
      "renewable_sum": 1.3715369999999998,
      "low_carbon_sum": 1.8053929999999998,
      "count": 4
    },
    "5_11": {
      "renewable_sum": 1.390932,
      "low_carbon_sum": 1.8237119999999998,
      "count": 4
    },
    "5_12": {
      "renewable_sum": 1.355199,
      "low_carbon_sum": 1.786354,
      "count": 4
    },
    "5_13": {
      "renewable_sum": 1.313393,
      "low_carbon_sum": 1.73418,
      "count": 4
    },
    "5_14": {
      "renewable_sum": 1.317628,
      "low_carbon_sum": 1.728582,
      "count": 4
    },
    "5_15": {
      "renewable_sum": 1.758235,
      "low_carbon_sum": 2.156139,
      "count": 4
    },
    "5_16": {
      "renewable_sum": 2.1122319999999997,
      "low_carbon_sum": 2.5014990000000004,
      "count": 4
    },
    "5_17": {
      "renewable_sum": 2.198879,